{
  "name": "Polygon Tokens List",
  "version": {
    "major": 1,
    "minor": 3,
    "patch": 1
  },
  "logoURI": "https://wallet-asset.matic.network/img/tokens/matic.svg",
  "keywords": [
    "polygon",
    "default",
    "tokens"
  ],
  "tags": {
    "stablecoin": {
      "name": "Stablecoin",
      "description": "Tokens that are fixed to an external asset, e.g. the US dollar"
    },
    "swapable": {
      "name": "Swapable",
      "description": "Tokens are eligible for swaps"
    },
    "erc20": {
      "name": "erc20",
      "description": "Tokens are of ERC20 token type"
    },
    "pos": {
      "name": "PoS",
      "description": "PoS tokens"
    },
    "plasma": {
      "name": "Plasma",
      "description": "Plasma tokens"
    },
    "metaTx": {
      "name": "MetaTx",
      "description": "Tokens are eligible for meta transactions"
    },
    "noDeposit": {
      "name": "Deposit Disabled",
      "description": "Tokens are not eligible for deposits"
    },
    "noWithdraw": {
      "name": "Withdraw Disabled",
      "description": "Tokens are not eligible for withdraws"
    }
  }
}
