[
  {
    "chainId": 43114,
    "name": "Ethereum",
    "symbol": "WETH",
    "decimals": 18,
    "address": "0x49d5c2bdffac6ce2bfdb6640f4f80f226bc10bab",
    "logoURI": "https://wallet-asset.matic.network/img/tokens/eth.svg",
    "tags": [
      "erc20"
    ]
  },
  {
    "chainId": 43114,
    "name": "USD Coin",
    "symbol": "USDC",
    "decimals": 6,
    "address": "0xa7d7079b0fead91f3e65f86e8915cb59c1a4c664",
    "logoURI": "https://wallet-asset.matic.network/img/tokens/usdc.svg",
    "tags": [
      "erc20"
    ]
  },
  {
    "chainId": 43114,
    "name": "Tether",
    "symbol": "USDT",
    "decimals": 6,
    "address": "0xc7198437980c041c805a1edcba50c1ce5db95118",
    "logoURI": "https://wallet-asset.matic.network/img/tokens/usdt.svg",
    "tags": [
      "erc20"
    ]
  },
  {
    "chainId": 43114,
    "name": "Dai",
    "symbol": "DAI",
    "decimals": 18,
    "address": "0xd586e7f844cea2f87f50152665bcbc2c279d8d70",
    "logoURI": "https://wallet-asset.matic.network/img/tokens/dai.svg",
    "tags": [
      "erc20"
    ]
  },
  {
    "chainId": 43114,
    "name": "Wrapped Bitcoin",
    "symbol": "WBTC",
    "decimals": 8,
    "address": "0x50b7545627a5162f82a992c33b87adc75187b218",
    "logoURI": "https://wallet-asset.matic.network/img/tokens/wbtc.svg",
    "tags": [
      "erc20"
    ]
  }
]
