[
  {
    "chainId": 1,
    "name": "Ethereum",
    "symbol": "ETH",
    "decimals": 18,
    "address": "0x0000000000000000000000000000000000000000",
    "logoURI": "https://wallet-asset.matic.network/img/tokens/eth.svg",
    "tags": [
      "erc20"
    ]
  },
  {
    "chainId": 1,
    "name": "USD Coin",
    "symbol": "USDC",
    "decimals": 6,
    "address": "0xa0b86991c6218b36c1d19d4a2e9eb0ce3606eb48",
    "logoURI": "https://wallet-asset.matic.network/img/tokens/usdc.svg",
    "tags": [
      "erc20"
    ]
  },
  {
    "chainId": 1,
    "name": "Tether",
    "symbol": "USDT",
    "decimals": 6,
    "address": "0xdac17f958d2ee523a2206206994597c13d831ec7",
    "logoURI": "https://wallet-asset.matic.network/img/tokens/usdt.svg",
    "tags": [
      "erc20"
    ]
  },
  {
    "chainId": 1,
    "name": "Dai",
    "symbol": "DAI",
    "decimals": 18,
    "address": "0x6b175474e89094c44da98b954eedeac495271d0f",
    "logoURI": "https://wallet-asset.matic.network/img/tokens/dai.svg",
    "tags": [
      "erc20"
    ]
  },
  {
    "chainId": 1,
    "name": "The Graph",
    "symbol": "GRT",
    "decimals": 18,
    "address": "0xc944e90c64b2c07662a292be6244bdf05cda44a7",
    "logoURI": "https://wallet-asset.matic.network/img/tokens/grt.svg",
    "tags": [
      "erc20"
    ]
  },
  {
    "chainId": 1,
    "name": "Wrapped Bitcoin",
    "symbol": "WBTC",
    "decimals": 8,
    "address": "0x2260fac5e5542a773aa44fbcfedf7c193bc2c599",
    "logoURI": "https://wallet-asset.matic.network/img/tokens/wbtc.svg",
    "tags": [
      "erc20"
    ]
  }
]
