[
  {
    "chainId": 100,
    "name": "Ethereum",
    "symbol": "WETH",
    "decimals": 18,
    "address": "0x6a023ccd1ff6f2045c3309768ead9e68f978f6e1",
    "logoURI": "https://wallet-asset.matic.network/img/tokens/eth.svg",
    "tags": [
      "erc20"
    ]
  },
  {
    "chainId": 100,
    "name": "USD Coin",
    "symbol": "USDC",
    "decimals": 6,
    "address": "0xddafbb505ad214d7b80b1f830fccc89b60fb7a83",
    "logoURI": "https://wallet-asset.matic.network/img/tokens/usdc.svg",
    "tags": [
      "erc20"
    ]
  },
  {
    "chainId": 100,
    "name": "Tether",
    "symbol": "USDT",
    "decimals": 6,
    "address": "0x4ecaba5870353805a9f068101a40e0f32ed605c6",
    "logoURI": "https://wallet-asset.matic.network/img/tokens/usdt.svg",
    "tags": [
      "erc20"
    ]
  },
  {
    "chainId": 100,
    "name": "Dai",
    "symbol": "DAI",
    "decimals": 18,
    "address": "0x0000000000000000000000000000000000000000",
    "logoURI": "https://wallet-asset.matic.network/img/tokens/dai.svg",
    "tags": [
      "erc20"
    ]
  }
]
