[
  {
    "chainId": 10,
    "name": "Ethereum",
    "symbol": "ETH",
    "decimals": 18,
    "address": "0x0000000000000000000000000000000000000000",
    "logoURI": "https://wallet-asset.matic.network/img/tokens/eth.svg",
    "tags": [
      "erc20"
    ]
  },
  {
    "chainId": 10,
    "name": "USD Coin",
    "symbol": "USDC",
    "decimals": 6,
    "address": "0x7f5c764cbc14f9669b88837ca1490cca17c31607",
    "logoURI": "https://wallet-asset.matic.network/img/tokens/usdc.svg",
    "tags": [
      "erc20"
    ]
  },
  {
    "chainId": 10,
    "name": "Tether",
    "symbol": "USDT",
    "decimals": 6,
    "address": "0x94b008aa00579c1307b0ef2c499ad98a8ce58e58",
    "logoURI": "https://wallet-asset.matic.network/img/tokens/usdt.svg",
    "tags": [
      "erc20"
    ]
  },
  {
    "chainId": 10,
    "name": "Dai",
    "symbol": "DAI",
    "decimals": 18,
    "address": "0xda10009cbd5d07dd0cecc66161fc93d7c9000da1",
    "logoURI": "https://wallet-asset.matic.network/img/tokens/dai.svg",
    "tags": [
      "erc20"
    ]
  }
]
