[
  {
    "chainId": 137,
    "name": "Ethereum",
    "symbol": "WETH",
    "decimals": 18,
    "address": "0x7ceb23fd6bc0add59e62ac25578270cff1b9f619",
    "logoURI": "https://wallet-asset.matic.network/img/tokens/eth.svg",
    "tags": [
      "erc20"
    ]
  },
  {
    "chainId": 137,
    "name": "USD Coin",
    "symbol": "USDC",
    "decimals": 6,
    "address": "0x2791bca1f2de4661ed88a30c99a7a9449aa84174",
    "logoURI": "https://wallet-asset.matic.network/img/tokens/usdc.svg",
    "tags": [
      "erc20"
    ]
  },
  {
    "chainId": 137,
    "name": "Tether",
    "symbol": "USDT",
    "decimals": 6,
    "address": "0xc2132d05d31c914a87c6611c10748aeb04b58e8f",
    "logoURI": "https://wallet-asset.matic.network/img/tokens/usdt.svg",
    "tags": [
      "erc20"
    ]
  },
  {
    "chainId": 137,
    "name": "Dai",
    "symbol": "DAI",
    "decimals": 18,
    "address": "0x8f3cf7ad23cd3cadbd9735aff958023239c6a063",
    "logoURI": "https://wallet-asset.matic.network/img/tokens/dai.svg",
    "tags": [
      "erc20"
    ]
  },
  {
    "chainId": 137,
    "name": "The Graph",
    "symbol": "GRT",
    "decimals": 18,
    "address": "0x5fe2b58c013d7601147dcdd68c143a77499f5531",
    "logoURI": "https://wallet-asset.matic.network/img/tokens/grt.svg",
    "tags": [
      "erc20"
    ]
  },
  {
    "chainId": 137,
    "name": "Wrapped Bitcoin",
    "symbol": "WBTC",
    "decimals": 8,
    "address": "0x1bfd67037b42cf73acf2047067bd4f2c47d9bfd6",
    "logoURI": "https://wallet-asset.matic.network/img/tokens/wbtc.svg",
    "tags": [
      "erc20"
    ]
  }
]
