[
  {
    "name": "Polygon Tokens List",
    "listURI": "api-polygon-tokens.polygon.technology/allTokens.tokenlist.json",
    "summary": "A list of tokens on the polygon network added by the community",
    "homepage": "polygon.technology",
    "logoURI": "https://wallet-asset.matic.network/img/tokens/matic.svg"
  },
  {
    "name": "Default Polygon List",
    "listURI": "api-polygon-tokens.polygon.technology/default.tokenlist.json",
    "summary": "A list of most used tokens on the polygon wallet",
    "homepage": "polygon.technology",
    "logoURI": "https://wallet-asset.matic.network/img/tokens/matic.svg"
  },
  {
    "name": "Cross-Chain List",
    "listURI": "api-polygon-tokens.polygon.technology/cross-chain.tokenlist.json",
    "summary": "A cross-chain tokens list for transfers and swaps",
    "homepage": "polygon.technology",
    "logoURI": "https://wallet-asset.matic.network/img/tokens/matic.svg"
  },
  {
    "name": "Polygon Testnet List",
    "listURI": "api-polygon-tokens.polygon.technology/testnet.tokenlist.json",
    "summary": "A list of tokens on the Mumbai testnet",
    "homepage": "polygon.technology",
    "logoURI": "https://wallet-asset.matic.network/img/tokens/matic.svg"
  }
]
