[
  {
    "chainId": 137,
    "name": "Ether - PoS",
    "symbol": "ETH",
    "decimals": 18,
    "address": "0x7ceb23fd6bc0add59e62ac25578270cff1b9f619",
    "logoURI": "https://wallet-asset.matic.network/img/tokens/eth.svg",
    "tags": [
      "pos",
      "erc20",
      "swapable",
      "metaTx"
    ],
    "extensions": {
      "rootAddress": "0xeeeeeeeeeeeeeeeeeeeeeeeeeeeeeeeeeeeeeeee",
      "project": {
        "name": "-",
        "summary": "-",
        "contact": "-",
        "website": "https://weth.io/"
      }
    }
  },
  {
    "chainId": 137,
    "name": "Matic Token",
    "symbol": "MATIC",
    "decimals": 18,
    "address": "0x0000000000000000000000000000000000001010",
    "logoURI": "https://wallet-asset.matic.network/img/tokens/matic.svg",
    "tags": [
      "plasma",
      "erc20",
      "swapable"
    ],
    "extensions": {
      "rootAddress": "0x7d1afa7b718fb893db30a3abc0cfc608aacfebb0",
      "project": {
        "name": "Polygon",
        "summary": "-",
        "contact": "support@polygon.technology",
        "website": "https://polygon.technology"
      }
    }
  },
  {
    "chainId": 137,
    "name": "USD Coin",
    "symbol": "USDC",
    "decimals": 6,
    "address": "0x2791bca1f2de4661ed88a30c99a7a9449aa84174",
    "logoURI": "https://wallet-asset.matic.network/img/tokens/usdc.svg",
    "tags": [
      "pos",
      "stablecoin",
      "erc20",
      "metaTx",
      "swapable"
    ],
    "extensions": {
      "rootAddress": "0xa0b86991c6218b36c1d19d4a2e9eb0ce3606eb48",
      "project": {
        "name": "Centre",
        "summary": "-",
        "contact": "-",
        "website": "https://www.centre.io"
      }
    }
  },
  {
    "chainId": 137,
    "name": "Tether USD",
    "symbol": "USDT",
    "decimals": 6,
    "address": "0xc2132d05d31c914a87c6611c10748aeb04b58e8f",
    "logoURI": "https://wallet-asset.matic.network/img/tokens/usdt.svg",
    "tags": [
      "pos",
      "stablecoin",
      "erc20",
      "swapable",
      "metaTx"
    ],
    "extensions": {
      "rootAddress": "0xdac17f958d2ee523a2206206994597c13d831ec7",
      "project": {
        "name": "Tether",
        "summary": "-",
        "contact": "support@tether.to",
        "website": "https://tether.to/"
      }
    }
  },
  {
    "chainId": 137,
    "name": "Dai - PoS",
    "symbol": "DAI",
    "decimals": 18,
    "address": "0x8f3cf7ad23cd3cadbd9735aff958023239c6a063",
    "logoURI": "https://wallet-asset.matic.network/img/tokens/dai.svg",
    "tags": [
      "pos",
      "stablecoin",
      "erc20",
      "swapable",
      "metaTx"
    ],
    "extensions": {
      "rootAddress": "0x6b175474e89094c44da98b954eedeac495271d0f",
      "project": {
        "name": "-",
        "summary": "-",
        "contact": "-",
        "website": "https://makerdao.com/"
      }
    }
  },
  {
    "chainId": 137,
    "name": "Aave",
    "symbol": "AAVE",
    "decimals": 18,
    "address": "0xd6df932a45c0f255f85145f286ea0b292b21c90b",
    "logoURI": "https://wallet-asset.matic.network/img/tokens/aave.svg",
    "tags": [
      "pos",
      "erc20",
      "swapable",
      "metaTx"
    ],
    "extensions": {
      "rootAddress": "0x7fc66500c84a76ad7e9c93437bfc5ac33e2ddae9",
      "project": {
        "name": "Aave",
        "summary": "-",
        "contact": "wecare@aave.com",
        "website": "https://aave.com/"
      }
    }
  },
  {
    "chainId": 137,
    "name": "ChainLink Token",
    "symbol": "LINK",
    "decimals": 18,
    "address": "0x53e0bca35ec356bd5dddfebbd1fc0fd03fabad39",
    "logoURI": "https://wallet-asset.matic.network/img/tokens/link.svg",
    "tags": [
      "pos",
      "erc20",
      "swapable",
      "metaTx"
    ],
    "extensions": {
      "rootAddress": "0x514910771AF9Ca656af840dff83E8264EcF986CA",
      "project": {
        "name": "ChainLink",
        "summary": "-",
        "contact": "support@chain.link",
        "website": "https://chain.link/"
      }
    }
  },
  {
    "chainId": 137,
    "name": "Wrapped BTC",
    "symbol": "WBTC",
    "decimals": 8,
    "address": "0x1bfd67037b42cf73acf2047067bd4f2c47d9bfd6",
    "logoURI": "https://wallet-asset.matic.network/img/tokens/wbtc.svg",
    "tags": [
      "pos",
      "erc20",
      "swapable",
      "metaTx"
    ],
    "extensions": {
      "rootAddress": "0x2260fac5e5542a773aa44fbcfedf7c193bc2c599",
      "project": {
        "name": "-",
        "summary": "-",
        "contact": "-",
        "website": "https://www.wbtc.network/"
      }
    }
  },
  {
    "chainId": 137,
    "name": "Uniswap",
    "symbol": "UNI",
    "decimals": 18,
    "address": "0xb33eaad8d922b1083446dc23f610c2567fb5180f",
    "logoURI": "https://wallet-asset.matic.network/img/tokens/uni.svg",
    "tags": [
      "pos",
      "erc20",
      "swapable",
      "metaTx"
    ],
    "extensions": {
      "rootAddress": "0x1f9840a85d5af5bf1d1762f925bdaddc4201f984",
      "project": {
        "name": "Uniswap",
        "summary": "-",
        "contact": "-",
        "website": "https://uniswap.org/"
      }
    }
  },
  {
    "chainId": 137,
    "name": "SushiToken",
    "symbol": "SUSHI",
    "decimals": 18,
    "address": "0x0b3f868e0be5597d5db7feb59e1cadbb0fdda50a",
    "logoURI": "https://wallet-asset.matic.network/img/tokens/sushi.svg",
    "tags": [
      "pos",
      "erc20",
      "swapable"
    ],
    "extensions": {
      "rootAddress": "0x6b3595068778dd592e39a122f4f5a5cf09c90fe2",
      "project": {
        "name": "Sushi",
        "summary": "-",
        "contact": "-",
        "website": "https://sushi.com/"
      }
    }
  },
  {
    "chainId": 137,
    "name": "Quickswap",
    "symbol": "QUICK",
    "decimals": 18,
    "address": "0x831753dd7087cac61ab5644b308642cc1c33dc13",
    "logoURI": "https://wallet-asset.matic.network/img/tokens/quick.svg",
    "tags": [
      "pos",
      "erc20"
    ],
    "extensions": {
      "rootAddress": "0x6c28AeF8977c9B773996d0e8376d2EE379446F2f",
      "project": {
        "name": "Quickswap",
        "summary": "-",
        "contact": "-",
        "website": "https://quickswap.exchange/"
      }
    }
  },
  {
    "chainId": 137,
    "name": "Aavegotchi GHST Token",
    "symbol": "GHST",
    "decimals": 18,
    "address": "0x385eeac5cb85a38a9a07a70c73e0a3271cfb54a7",
    "logoURI": "https://polygonscan.com/token/images/aavegotchighst_32.png",
    "tags": [
      "pos",
      "erc20",
      "swapable",
      "metaTx"
    ],
    "extensions": {
      "rootAddress": "0x3F382DbD960E3a9bbCeaE22651E88158d2791550",
      "project": {
        "name": "Aavegotchi",
        "summary": "-",
        "contact": "-",
        "website": "https://www.aavegotchi.com/"
      }
    }
  },
  {
    "chainId": 137,
    "name": "Telcoin",
    "symbol": "TEL",
    "decimals": 2,
    "address": "0xdf7837de1f2fa4631d716cf2502f8b230f1dcc32",
    "logoURI": "https://wallet-asset.matic.network/img/tokens/tel.svg",
    "tags": [
      "pos",
      "erc20",
      "swapable",
      "metaTx"
    ],
    "extensions": {
      "rootAddress": "0x467bccd9d29f223bce8043b84e8c8b282827790f",
      "project": {
        "name": "Telcoin",
        "summary": "-",
        "contact": "-",
        "website": "https://www.telco.in/"
      }
    }
  },
  {
    "chainId": 137,
    "name": "Balancer",
    "symbol": "BAL",
    "decimals": 18,
    "address": "0x9a71012b13ca4d3d0cdc72a177df3ef03b0e76a3",
    "logoURI": "https://wallet-asset.matic.network/img/tokens/bal.svg",
    "tags": [
      "pos",
      "erc20",
      "swapable"
    ],
    "extensions": {
      "rootAddress": "0xba100000625a3754423978a60c9317c58a424e3d",
      "project": {
        "name": "-",
        "summary": "-",
        "contact": "-",
        "website": "https://balancer.finance/"
      }
    }
  },
  {
    "chainId": 137,
    "name": "Binance USD",
    "symbol": "BUSD",
    "decimals": 18,
    "address": "0xdab529f40e671a1d4bf91361c21bf9f0c9712ab7",
    "logoURI": "https://wallet-asset.matic.network/img/tokens/busd.svg",
    "tags": [
      "pos",
      "erc20",
      "swapable"
    ],
    "extensions": {
      "rootAddress": "0x4fabb145d64652a948d72533023f6e7a623c7c53",
      "project": {
        "name": "Paxos",
        "summary": "-",
        "contact": "-",
        "website": "http://www.paxos.com/busd"
      }
    }
  }
]
